<?xml version="1.0" encoding="UTF-8"?>
<metadata xml:lang="en"><Esri><CreaDate>20190131</CreaDate><CreaTime>00375800</CreaTime><ArcGISFormat>1.0</ArcGISFormat><SyncOnce>TRUE</SyncOnce><DataProperties><itemProps><itemLocation><linkage Sync="TRUE">file://\\TOONTOWN\C$\Users\alanf\Documents\NovaNavigate\Data\Dinning Halls</linkage><protocol Sync="TRUE">Local Area Network</protocol></itemLocation></itemProps><copyHistory><copy source="C:\Users\alanf\Documents\Maps\ShareTest\ShareTest\Dinning Halls" dest="\\TOONTOWN\C$\Users\alanf\Documents\NovaNavigate\Data\Dinning Halls" date="20190131" time="00375800"></copy></copyHistory></DataProperties></Esri></metadata>
