<?xml version="1.0" encoding="UTF-8"?>
<metadata xml:lang="en"><Esri><CreaDate>20190131</CreaDate><CreaTime>00382100</CreaTime><ArcGISFormat>1.0</ArcGISFormat><SyncOnce>TRUE</SyncOnce><DataProperties><itemProps><itemLocation><linkage Sync="TRUE">file://\\TOONTOWN\C$\Users\alanf\Documents\NovaNavigate\Data\Obstacles</linkage><protocol Sync="TRUE">Local Area Network</protocol></itemLocation></itemProps><copyHistory><copy source="C:\Users\alanf\Documents\Maps\ShareTest\ShareTest\Obstacles" dest="\\TOONTOWN\C$\Users\alanf\Documents\NovaNavigate\Data\Obstacles" date="20190131" time="00382100"></copy></copyHistory></DataProperties></Esri></metadata>
