<?xml version="1.0" encoding="UTF-8"?>
<metadata><idinfo><citation><citeinfo><origin>Department of Records</origin><pubdate>7/16/2004</pubdate><title>GIS_DOR.Parcel</title><geoform>vector digital data</geoform><onlink>Service=sde:oracle10g; User=gis_dor; Version=SDE.DEFAULT</onlink></citeinfo></citation><descript><abstract>This dataset is composed of the entire City of Philadelphia's parcels based on their legal descriptions.</abstract><purpose>This dataset is used as a physical representation of the legal recorded deed documents for properties in the City of Philadelphia</purpose></descript><timeperd><timeinfo><sngdate><caldate>12/31/2004</caldate></sngdate></timeinfo><current>publication date</current></timeperd><status><progress>In work</progress><update>Weekly</update></status><spdom><bounding><westbc>-75.281524</westbc><eastbc>-74.954102</eastbc><northbc>40.143679</northbc><southbc>39.865094</southbc></bounding></spdom><keywords><place><placekey>philadelphia</placekey><placekey>germantown</placekey><placekey>south philadelphia</placekey><placekey>north philadelphia</placekey><placekey>manayunk</placekey><placekey>North East Philadelphia</placekey><placekey>west philadelphia</placekey><placekey>center city</placekey></place></keywords><accconst>Access to this dataset is granted to City of Philadelphia employees and those who are given special permission only.</accconst><useconst>none</useconst><ptcontac><cntinfo><cntperp><cntper>Mark Dodds</cntper><cntorg>City of Philadelphia - Department of Records</cntorg></cntperp><cntpos>GIS Specialist</cntpos><cntaddr><addrtype>mailing and physical address</addrtype><address>Department of Records</address><address>Attn: Mapping Unit</address><address>City Hall Room 170</address><city>Philadelphia</city><state>Pennsylvania</state><postal>19102</postal><country>United States of America</country></cntaddr><cntvoice>215-686-2289</cntvoice><cntemail>mark.dodds@phila.gov</cntemail><hours>8am to 4pm</hours></cntinfo></ptcontac><datacred>Department of Records Mapping Unit staff; M&amp;M Solutions LLC. for data scrubbing, edgematching, and Duplicate Parcel Removal; ESRI</datacred><native>Microsoft Windows XP Version 5.1 (Build 2600) Service Pack 3; ESRI ArcCatalog 9.3.1.4000</native></idinfo><dataqual><complete>This dataset is currently undergoing Edgematching and Duplicate Parcel Removal in order to increase the accuracy of the data.</complete><posacc><horizpa><horizpar>The positional accuracy of this dataset is dependent upon the scales of the maps which this dataset is drawn from.  Smaller scale maps have a larger level of inaccuracy.</horizpar></horizpa></posacc><lineage><srcinfo><srccite><citeinfo><origin>Department of Records</origin><pubdate>7/16/2004</pubdate><title>City of Philadelphia-Department of Records</title></citeinfo></srccite><srcscale>multiple</srcscale><typesrc>paper</typesrc><srctime><timeinfo><sngdate><caldate>7/16/2004</caldate></sngdate></timeinfo><srccurr>publication date</srccurr></srctime><srccontr>Department of Records tax maps</srccontr></srcinfo><procstep><procdesc>Department of Records tax maps were scanned and vectorized.</procdesc><procdate>1996</procdate><proccont><cntinfo><cntperp><cntper>Adrian Litton</cntper><cntorg>ESRI</cntorg></cntperp><cntpos>Scanning Specialist</cntpos><cntemail>alitton@esri.com</cntemail></cntinfo></proccont></procstep><procstep><procdesc>Individual tax maps ArcInfo Coverages were "scrubbed" to clean physical and attribute errors</procdesc><procdate>5/2003</procdate><proccont><cntinfo><cntperp><cntper>Walter Svekla</cntper><cntorg>M&amp;M solutions</cntorg></cntperp><cntpos>Project Specialist</cntpos><cntemail>wsvekla@mmsolutionsllc.com</cntemail></cntinfo></proccont></procstep><procstep><procdesc>Individual tax map coverages were converted to feature classes and merged into one seemless city layer.</procdesc><procdate>5/2003</procdate><proccont><cntinfo><cntperp><cntper>Adrian Litton</cntper><cntorg>ESRI</cntorg></cntperp><cntpos>Scanning Specialist</cntpos><cntemail>alitton@esri.com</cntemail></cntinfo></proccont></procstep><procstep><procdesc>Seemless City of Philadelphia parcel layer was converted into SDE.</procdesc><procdate>10/2003</procdate><proccont><cntinfo><cntperp><cntper>Adrian Litton</cntper><cntorg>ESRI</cntorg></cntperp><cntpos>Scanning Specialist</cntpos><cntemail>alitton@esri.com</cntemail></cntinfo></proccont></procstep><procstep><procdesc>This dataset undergoes Edgematching and Duplicate Parcel Removal to make the city wide dataset more cohesive.</procdesc><procdate>5/2003-5/2004</procdate><proccont><cntinfo><cntperp><cntper>Brian Albright</cntper><cntorg>M&amp;M Solutions LLC.</cntorg></cntperp><cntpos>GIS Technician</cntpos><cntemail>balbright@mmsolutionsllc.com</cntemail></cntinfo></proccont></procstep><procstep><procdesc>Metadata imported.</procdesc><srcused>C:\DOCUME~1\doddsm\LOCALS~1\Temp\xml51.tmp</srcused><procdate>20090924</procdate><proctime>10475100</proctime></procstep></lineage></dataqual><spdoinfo><direct>Vector</direct><ptvctinf><esriterm><efeatyp Sync="TRUE">Simple</efeatyp><efeageom code="4" Sync="TRUE"></efeageom><esritopo Sync="TRUE">FALSE</esritopo><efeacnt Sync="TRUE">569696</efeacnt><spindex Sync="TRUE">TRUE</spindex><linrefer Sync="TRUE">FALSE</linrefer></esriterm></ptvctinf></spdoinfo><spref><horizsys><planar><planci><plance>coordinate pair</plance><coordrep><absres>0.001000</absres><ordres>0.001000</ordres></coordrep><plandu>survey feet</plandu></planci></planar><geodetic><horizdn>North American Datum of 1983</horizdn><ellips>Geodetic Reference System 80</ellips><semiaxis>6378137.000000</semiaxis><denflat>298.257222</denflat></geodetic></horizsys><vertdef><altsys><altres>1.000000</altres><altenc>Explicit elevation coordinate included with horizontal coordinates</altenc></altsys></vertdef></spref><eainfo><detailed Name="Philadelphia_DOR_Parcels_Active201302"><enttyp><enttypl>GIS_DOR.Parcel</enttypl><enttypt Sync="TRUE">Feature Class</enttypt><enttypc Sync="TRUE">569696</enttypc></enttyp><attr><attrlabl Sync="TRUE">FID</attrlabl><attalias Sync="TRUE">FID</attalias><attrtype Sync="TRUE">OID</attrtype><attwidth Sync="TRUE">4</attwidth><atprecis Sync="TRUE">0</atprecis><attscale Sync="TRUE">0</attscale><attrdef Sync="TRUE">Internal feature number.</attrdef><attrdefs Sync="TRUE">ESRI</attrdefs><attrdomv><udom Sync="TRUE">Sequential unique whole numbers that are automatically generated.</udom></attrdomv></attr><attr><attrlabl>OBJECTID</attrlabl><attrdef>Internal feature number.</attrdef><attrdefs>ESRI</attrdefs><attrdomv><udom>Sequential unique whole numbers that are automatically generated.</udom></attrdomv><attalias Sync="TRUE">OBJECTID</attalias><attrtype Sync="TRUE">Double</attrtype><attwidth Sync="TRUE">10</attwidth><atprecis Sync="TRUE">10</atprecis><attscale Sync="TRUE">0</attscale></attr><attr><attrlabl>RECSUB</attrlabl><attrdef>submap to a registry map</attrdef><attalias Sync="TRUE">RECSUB</attalias><attrtype Sync="TRUE">String</attrtype><attwidth Sync="TRUE">2</attwidth><atprecis Sync="TRUE">0</atprecis><attscale Sync="TRUE">0</attscale></attr><attr><attrlabl>BASEREG</attrlabl><attrdef>The registry number which there is a deed attached to</attrdef><attalias Sync="TRUE">BASEREG</attalias><attrtype Sync="TRUE">String</attrtype><attwidth Sync="TRUE">10</attwidth><atprecis Sync="TRUE">0</atprecis><attscale Sync="TRUE">0</attscale></attr><attr><attrlabl>MAPREG</attrlabl><attrdef>Registry number that may or may not specifically have a deed attached to it.  In cases of parcels crossing multiple maps see the BASEREG for the associated deed.</attrdef><attalias Sync="TRUE">MAPREG</attalias><attrtype Sync="TRUE">String</attrtype><attwidth Sync="TRUE">10</attwidth><atprecis Sync="TRUE">0</atprecis><attscale Sync="TRUE">0</attscale></attr><attr><attrlabl>PARCEL</attrlabl><attrdef>identifier for properties on the same map.</attrdef><attalias Sync="TRUE">PARCEL</attalias><attrtype Sync="TRUE">String</attrtype><attwidth Sync="TRUE">4</attwidth><atprecis Sync="TRUE">0</atprecis><attscale Sync="TRUE">0</attscale></attr><attr><attrlabl>RECMAP</attrlabl><attrdef>registry map name.  Department of Records tax map.</attrdef><attalias Sync="TRUE">RECMAP</attalias><attrtype Sync="TRUE">String</attrtype><attwidth Sync="TRUE">6</attwidth><atprecis Sync="TRUE">0</atprecis><attscale Sync="TRUE">0</attscale></attr><attr><attrlabl>STCOD</attrlabl><attrdef>street code.  maintained by the City of Philadelphia-Department of Streets</attrdef><attalias Sync="TRUE">STCOD</attalias><attrtype Sync="TRUE">Integer</attrtype><attwidth Sync="TRUE">5</attwidth><atprecis Sync="TRUE">5</atprecis><attscale Sync="TRUE">0</attscale></attr><attr><attrlabl>HOUSE</attrlabl><attrdef>house number</attrdef><attalias Sync="TRUE">HOUSE</attalias><attrtype Sync="TRUE">Integer</attrtype><attwidth Sync="TRUE">5</attwidth><atprecis Sync="TRUE">5</atprecis><attscale Sync="TRUE">0</attscale></attr><attr><attrlabl>SUF</attrlabl><attrdef>the suffix to a house number</attrdef><attalias Sync="TRUE">SUF</attalias><attrtype Sync="TRUE">String</attrtype><attwidth Sync="TRUE">1</attwidth><atprecis Sync="TRUE">0</atprecis><attscale Sync="TRUE">0</attscale></attr><attr><attrlabl>UNIT</attrlabl><attrdef>the address unit</attrdef><attalias Sync="TRUE">UNIT</attalias><attrtype Sync="TRUE">String</attrtype><attwidth Sync="TRUE">7</attwidth><atprecis Sync="TRUE">0</atprecis><attscale Sync="TRUE">0</attscale></attr><attr><attrlabl>STEX</attrlabl><attrdef>the extension of an address accross multiple addresses</attrdef><attalias Sync="TRUE">STEX</attalias><attrtype Sync="TRUE">SmallInteger</attrtype><attwidth Sync="TRUE">4</attwidth><atprecis Sync="TRUE">4</atprecis><attscale Sync="TRUE">0</attscale></attr><attr><attrlabl>STDIR</attrlabl><attrdef>street direction</attrdef><attalias Sync="TRUE">STDIR</attalias><attrtype Sync="TRUE">String</attrtype><attwidth Sync="TRUE">254</attwidth><atprecis Sync="TRUE">0</atprecis><attscale Sync="TRUE">0</attscale></attr><attr><attrlabl>STNAM</attrlabl><attrdef>street name</attrdef><attalias Sync="TRUE">STNAM</attalias><attrtype Sync="TRUE">String</attrtype><attwidth Sync="TRUE">30</attwidth><atprecis Sync="TRUE">0</atprecis><attscale Sync="TRUE">0</attscale></attr><attr><attrlabl>STDES</attrlabl><attrdef>the designation of the street</attrdef><attalias Sync="TRUE">STDES</attalias><attrtype Sync="TRUE">String</attrtype><attwidth Sync="TRUE">3</attwidth><atprecis Sync="TRUE">0</atprecis><attscale Sync="TRUE">0</attscale></attr><attr><attrlabl>STDESSUF</attrlabl><attrdef>the suffix of the designation of the street</attrdef><attalias Sync="TRUE">STDESSUF</attalias><attrtype Sync="TRUE">String</attrtype><attwidth Sync="TRUE">1</attwidth><atprecis Sync="TRUE">0</atprecis><attscale Sync="TRUE">0</attscale></attr><attr><attrlabl>ELEV_FLAG</attrlabl><attrdef>the elevation flag.  whether or not a parcel contains elevated rights</attrdef><attalias Sync="TRUE">ELEV_FLAG</attalias><attrtype Sync="TRUE">SmallInteger</attrtype><attwidth Sync="TRUE">1</attwidth><atprecis Sync="TRUE">1</atprecis><attscale Sync="TRUE">0</attscale></attr><attr><attrlabl>TOPELEV</attrlabl><attrdef>the topmost elevation</attrdef><attalias Sync="TRUE">TOPELEV</attalias><attrtype Sync="TRUE">Double</attrtype><attwidth Sync="TRUE">13</attwidth><atprecis Sync="TRUE">12</atprecis><attscale Sync="TRUE">4</attscale></attr><attr><attrlabl>BOTELEV</attrlabl><attrdef>the bottom most elevation</attrdef><attalias Sync="TRUE">BOTELEV</attalias><attrtype Sync="TRUE">Double</attrtype><attwidth Sync="TRUE">13</attwidth><atprecis Sync="TRUE">12</atprecis><attscale Sync="TRUE">4</attscale></attr><attr><attrlabl>CONDOFLAG</attrlabl><attrdef>condominium flag</attrdef><attalias Sync="TRUE">CONDOFLAG</attalias><attrtype Sync="TRUE">SmallInteger</attrtype><attwidth Sync="TRUE">1</attwidth><atprecis Sync="TRUE">1</atprecis><attscale Sync="TRUE">0</attscale></attr><attr><attrlabl>MATCHFLAG</attrlabl><attrdef>unused</attrdef><attalias Sync="TRUE">MATCHFLAG</attalias><attrtype Sync="TRUE">SmallInteger</attrtype><attwidth Sync="TRUE">2</attwidth><atprecis Sync="TRUE">2</atprecis><attscale Sync="TRUE">0</attscale></attr><attr><attrlabl>INACTDATE</attrlabl><attrdef>the date of inactivation</attrdef><attalias Sync="TRUE">INACTDATE</attalias><attrtype Sync="TRUE">Date</attrtype><attwidth Sync="TRUE">8</attwidth><atprecis Sync="TRUE">0</atprecis><attscale Sync="TRUE">0</attscale></attr><attr><attrlabl>ORIG_DATE</attrlabl><attrdef>the date of origination</attrdef><attalias Sync="TRUE">ORIG_DATE</attalias><attrtype Sync="TRUE">Date</attrtype><attwidth Sync="TRUE">8</attwidth><atprecis Sync="TRUE">0</atprecis><attscale Sync="TRUE">0</attscale></attr><attr><attrlabl>STATUS</attrlabl><attrdef>the status of each parcel</attrdef><attalias Sync="TRUE">STATUS</attalias><attrtype Sync="TRUE">Integer</attrtype><attwidth Sync="TRUE">5</attwidth><atprecis Sync="TRUE">5</atprecis><attscale Sync="TRUE">0</attscale></attr><attr><attrlabl>SHAPE</attrlabl><attrdef>Feature geometry.</attrdef><attrdefs>ESRI</attrdefs><attrdomv><udom>Coordinates defining the features.</udom></attrdomv><attalias Sync="TRUE">Shape</attalias><attrtype Sync="TRUE">Geometry</attrtype><attwidth Sync="TRUE">0</attwidth><atprecis Sync="TRUE">0</atprecis><attscale Sync="TRUE">0</attscale></attr><attr><attrlabl>GEOID</attrlabl><attalias Sync="TRUE">GEOID</attalias><attrtype Sync="TRUE">String</attrtype><attwidth Sync="TRUE">25</attwidth><atprecis Sync="TRUE">0</atprecis><attscale Sync="TRUE">0</attscale></attr><attr><attrlabl Sync="TRUE">SHAPE_AREA</attrlabl><attalias Sync="TRUE">SHAPE_AREA</attalias><attrtype Sync="TRUE">Double</attrtype><attwidth Sync="TRUE">19</attwidth><atprecis Sync="TRUE">0</atprecis><attscale Sync="TRUE">0</attscale><attrdef Sync="TRUE">Area of feature in internal units squared.</attrdef><attrdefs Sync="TRUE">ESRI</attrdefs><attrdomv><udom Sync="TRUE">Positive real numbers that are automatically generated.</udom></attrdomv></attr><attr><attrlabl Sync="TRUE">SHAPE_LEN</attrlabl><attalias Sync="TRUE">SHAPE_LEN</attalias><attrtype Sync="TRUE">Double</attrtype><attwidth Sync="TRUE">19</attwidth><atprecis Sync="TRUE">0</atprecis><attscale Sync="TRUE">0</attscale></attr></detailed><detailed><enttyp><enttypl>GIS_DOR.Parcel2MergedParcelLineage</enttypl></enttyp></detailed><detailed><enttyp><enttypl>GIS_DOR.Parcel2Condominium</enttypl></enttyp></detailed><detailed><enttyp><enttypl>GIS_DOR.MergedParcel2MergedParcelLineage</enttypl></enttyp></detailed><detailed><enttyp><enttypl>GIS_DOR.Parcel2ParcelLineage</enttypl></enttyp></detailed><detailed><enttyp><enttypl>GIS_DOR.Parcel2Account_Info</enttypl></enttyp></detailed><detailed><enttyp><enttypl>GIS_DOR.Parcel2StreetCode</enttypl></enttyp></detailed><detailed><enttyp><enttypl>RECORD_GIS.Anno_9_264</enttypl></enttyp></detailed><detailed><enttyp><enttypl>RECORD_GIS.Parcel2StreetCode</enttypl></enttyp></detailed></eainfo><distinfo><distrib><cntinfo><cntperp><cntper>Brian Ivey</cntper><cntorg>MOIS-GIS services group</cntorg></cntperp><cntpos>GIS specialist</cntpos><cntaddr><addrtype>mailing address</addrtype><address>1234 Market st, 15th floor</address><city>Philadelphia</city><state>Pa</state><postal>19119</postal><country>USA</country></cntaddr><cntvoice>215-686-8287</cntvoice><cntfax>215-686-8143</cntfax><cntemail>brian.ivey@phila.gov</cntemail></cntinfo></distrib><resdesc>Downloadable Data</resdesc><distliab>
The City of Philadelphia makes no warranty or representation, express or implied, with respect to the quality, content, accuracy, completeness, currency, freedom from computer virus, or non-infringement of proprietary rights, of any of the design, information, text, graphics, images, pages, interfaces, links, software, or other materials and items contained in this dataset.  All such items and materials are provided on an
"as is" basis, and you are fully and solely responsible for your use of them and for any results or consequences of your use.  They have been compiled from a variety of sources, including sources beyond the control of the City of Philadelphia and, and are subject to change without notice from the City of Philadelphia.  Commercial use is prohibited without the prior written permission of the City of Philadelphia.  In no event shall the City of Philadelphia or their agencies, officers, employees, agents, or representatives, be liable for any direct, indirect, special, punitive,
incidental, exemplary or consequential damages arising your accessing or using this data, or otherwise arising from the data or from anything contained in or displayed in this data.  Nothing contained in or displayed in this data constitutes or is intended to constitute legal advice by the City of Philadelphia or any of their agencies, officers, employees, agents or representatives. These terms and conditions and all disputes arising under these terms and conditions shall be governed, construed and decided in accordance with the laws of the Commonwealth of Pennsylvania. The City of Philadelphia reserves the right to revise and change these terms and conditions at anytime and without any notice.
</distliab><stdorder><ordering>
NOTE: Use this template as a guide to construct your letter requesting City of Philadelphia GIS data.  The letter must be on your organization's letterhead, signed by an officer of the corporation/organization, and must include all information requested below.  Please pay close attention to items in &lt;bold and underlined&gt; and provide data requested in &lt;brackets&gt;.  You will be asked to resubmit your request if all of the requested information is not included.  In the event that the requestor is a contractor using the requested data as part of a contract with the City of Philadelphia, request shall reference the City department for which the work is being done. Please direct your request to:

City of Philadelphia - MOIS
GIS Services Group
1234 Market St., 15th Floor
Philadelphia, PA  19107
Attn:  Brian Ivey
****************************

&lt;XYZ COMPANY&gt; is requesting a portion of the City of Philadelphia's GIS database &lt;IDENTIFY COVERAGES OR DATA LAYERS REQUESTED&gt; for use in &lt;PROJECT DESCRIPTION&gt; for &lt;DEPARTMENT/AGENCY NAME&gt;.  The target area is bounded by &lt;PROJECT BOUNDARIES&gt;.

&lt;XYZ COMPANY&gt; confirms that it will abide by the following conditions for use of this data.  &lt;XYZ COMPANY&gt; will use this database solely in connection with the project described above.  For the purpose of any data displayed on a public web site, &lt;XYZ COMPANY&gt; will remove any attribution from the data that will possibly identify it as being the City of Philadelphia.  The database will be deleted from any electronic storage media in possession of XYZ COMPANY at the completion of the project and the CD on which it is delivered will be returned to the Mayor's Office of Information Services.  Printed maps or reports of any kind displaying data from this database will be presented only to the participating &lt;NEIGHBORHOODS, CITY AGENCIES, PROJECT COMMITTEES, OTHERWISE APPROPRIATE RECEPIENTS&gt; and only in connection with this project. Display materials generated from this database will not be used on any other project nor for demo or promotional use even if the audience is a City agency unless &lt;XYZ COMPANY&gt; has obtained a prior written agreement from the Mayor's Office of Information Services.

&lt;XYZ Company&gt;will not re-distribute the data in digital format to anyone for any purpose.

All persons associated with &lt;XYZ COMPANY&gt; with access to this database will be informed that it is the property of the City of Philadelphia and advised of the terms under which &lt;XYZ COMPANY&gt; has agreed to its use.

This database was specified to be built according to National Map Accuracy Standards for 1:2400 scale maps, but &lt;XYZ COMPANY&gt; acknowledges that the City makes no representation about the accuracy of any specific information &lt;XYZ  COMPANY&gt; has requested.  &lt;XYZ COMPANY&gt; will assume complete responsibility for any and all occurrences resulting from &lt;XYZ COMPANY'S&gt; use or display of this database.

&lt;Signature by Officer of the Corporation/Organization&gt;
</ordering></stdorder><custom>See standard order process</custom></distinfo><metainfo><metd>20110811</metd><metrd>1/4/2005</metrd><metc><cntinfo><cntperp><cntper>Mark Dodds</cntper><cntorg>City of Philadelphia - Department of Records</cntorg></cntperp><cntpos>GIS Specialist</cntpos><cntaddr><addrtype>mailing and physical address</addrtype><address>Department of Records</address><address>Attn: Mapping Unit</address><address>City Hall Room 170</address><city>Philadelphia</city><state>Pennsylvania</state><postal>19102</postal><country>United States</country></cntaddr><cntvoice>215-686-2289</cntvoice><cntemail>mark.dodds@phila.gov</cntemail><hours>8am to 4pm</hours><cntorgp><cntper>REQUIRED: The person responsible for the metadata information.</cntper><cntorg>REQUIRED: The organization responsible for the metadata information.</cntorg></cntorgp></cntinfo></metc><metstdn>FGDC Content Standards for Digital Geospatial Metadata</metstdn><metstdv>FGDC-STD-001-1998</metstdv><mettc>local time</mettc><metac>none</metac><metuc>none</metuc></metainfo><mdLang><languageCode value="eng"/><countryCode value="USA"/></mdLang><mdHrLv><ScopeCd value="005"/></mdHrLv><mdContact><rpIndName>Mark Dodds</rpIndName><rpOrgName>City of Philadelphia - Department of Records</rpOrgName><rpPosName>GIS Specialist</rpPosName><rpCntInfo><cntPhone><voiceNum>215-686-2289</voiceNum></cntPhone><cntAddress addressType="both"><delPoint>Attn: Mapping Unit</delPoint><delPoint>City Hall Room 170</delPoint><delPoint>Department of Records</delPoint><city>Philadelphia</city><adminArea>Pennsylvania</adminArea><postCode>19102</postCode><country>US</country><eMailAdd>mark.dodds@phila.gov</eMailAdd></cntAddress><cntHours>8am to 4pm</cntHours></rpCntInfo><role><RoleCd value="007"/></role></mdContact><mdStanName>ArcGIS Metadata</mdStanName><mdStanVer>1.0</mdStanVer><distInfo><distributor><distorCont><rpIndName>Brian Ivey</rpIndName><rpOrgName>MOIS-GIS services group</rpOrgName><rpPosName>GIS specialist</rpPosName><rpCntInfo><cntPhone><voiceNum>215-686-8287</voiceNum><faxNum>215-686-8143</faxNum></cntPhone><cntAddress addressType="postal"><delPoint>1234 Market st, 15th floor</delPoint><city>Philadelphia</city><adminArea>Pa</adminArea><postCode>19119</postCode><country>US</country><eMailAdd>brian.ivey@phila.gov</eMailAdd></cntAddress></rpCntInfo><role><RoleCd value="005"/></role></distorCont><distorOrdPrc><ordInstr>NOTE: Use this template as a guide to construct your letter requesting City of Philadelphia GIS data. The letter must be on your organization's letterhead, signed by an officer of the corporation/organization, and must include all information requested below. Please pay close attention to items in &lt;bold and underlined&gt; and provide data requested in &lt;brackets&gt;. You will be asked to resubmit your request if all of the requested information is not included. In the event that the requestor is a contractor using the requested data as part of a contract with the City of Philadelphia, request shall reference the City department for which the work is being done. Please direct your request to: City of Philadelphia - MOIS GIS Services Group 1234 Market St., 15th Floor Philadelphia, PA 19107 Attn: Brian Ivey **************************** &lt;XYZ COMPANY&gt; is requesting a portion of the City of Philadelphia's GIS database &lt;IDENTIFY COVERAGES OR DATA LAYERS REQUESTED&gt; for use in &lt;PROJECT DESCRIPTION&gt; for &lt;DEPARTMENT/AGENCY NAME&gt;. The target area is bounded by &lt;PROJECT BOUNDARIES&gt;. &lt;XYZ COMPANY&gt; confirms that it will abide by the following conditions for use of this data. &lt;XYZ COMPANY&gt; will use this database solely in connection with the project described above. For the purpose of any data displayed on a public web site, &lt;XYZ COMPANY&gt; will remove any attribution from the data that will possibly identify it as being the City of Philadelphia. The database will be deleted from any electronic storage media in possession of XYZ COMPANY at the completion of the project and the CD on which it is delivered will be returned to the Mayor's Office of Information Services. Printed maps or reports of any kind displaying data from this database will be presented only to the participating &lt;NEIGHBORHOODS, CITY AGENCIES, PROJECT COMMITTEES, OTHERWISE APPROPRIATE RECEPIENTS&gt; and only in connection with this project. Display materials generated from this database will not be used on any other project nor for demo or promotional use even if the audience is a City agency unless &lt;XYZ COMPANY&gt; has obtained a prior written agreement from the Mayor's Office of Information Services. &lt;XYZ Company&gt;will not re-distribute the data in digital format to anyone for any purpose. All persons associated with &lt;XYZ COMPANY&gt; with access to this database will be informed that it is the property of the City of Philadelphia and advised of the terms under which &lt;XYZ COMPANY&gt; has agreed to its use. This database was specified to be built according to National Map Accuracy Standards for 1:2400 scale maps, but &lt;XYZ COMPANY&gt; acknowledges that the City makes no representation about the accuracy of any specific information &lt;XYZ COMPANY&gt; has requested. &lt;XYZ COMPANY&gt; will assume complete responsibility for any and all occurrences resulting from &lt;XYZ COMPANY'S&gt; use or display of this database. &lt;Signature by Officer of the Corporation/Organization&gt;</ordInstr></distorOrdPrc></distributor><distFormat><formatName>SDE Feature Class</formatName></distFormat><distTranOps><transSize Sync="TRUE">96.428</transSize></distTranOps></distInfo><dataIdInfo><idCitation><citRespParty><rpOrgName>Department of Records</rpOrgName><role><RoleCd value="006"/></role></citRespParty><resTitle>GIS_DOR.Parcel</resTitle><presForm><PresFormCd value="005"/></presForm></idCitation><idAbs>This dataset is composed of the entire City of Philadelphia's parcels based on their legal descriptions.</idAbs><idPurp>This dataset is used as a physical representation of the legal recorded deed documents for properties in the City of Philadelphia</idPurp><idCredit>Department of Records Mapping Unit staff; M&amp;M Solutions LLC. for data scrubbing, edgematching, and Duplicate Parcel Removal; ESRI</idCredit><idStatus><ProgCd value="007"/></idStatus><idPoC><rpIndName>Mark Dodds</rpIndName><rpOrgName>City of Philadelphia - Department of Records</rpOrgName><rpPosName>GIS Specialist</rpPosName><rpCntInfo><cntPhone><voiceNum>215-686-2289</voiceNum></cntPhone><cntAddress addressType="both"><delPoint>Department of Records</delPoint><delPoint>Attn: Mapping Unit</delPoint><delPoint>City Hall Room 170</delPoint><city>Philadelphia</city><adminArea>Pennsylvania</adminArea><postCode>19102</postCode><country>United States of America</country><eMailAdd>mark.dodds@phila.gov</eMailAdd></cntAddress><cntHours>8am to 4pm</cntHours></rpCntInfo><role><RoleCd value="007"/></role></idPoC><resMaint><maintFreq><MaintFreqCd value="003"/></maintFreq></resMaint><placeKeys><keyword>germantown</keyword><keyword>north philadelphia</keyword><keyword>west philadelphia</keyword><keyword>manayunk</keyword><keyword>philadelphia</keyword><keyword>south philadelphia</keyword><keyword>center city</keyword><keyword>North East Philadelphia</keyword></placeKeys><themeKeys><keyword>tax map</keyword><keyword>cadastral</keyword><keyword>registry</keyword><keyword>parcel</keyword></themeKeys><searchKeys><keyword>germantown</keyword><keyword>north philadelphia</keyword><keyword>tax map</keyword><keyword>west philadelphia</keyword><keyword>manayunk</keyword><keyword>cadastral</keyword><keyword>philadelphia</keyword><keyword>registry</keyword><keyword>south philadelphia</keyword><keyword>center city</keyword><keyword>parcel</keyword><keyword>North East Philadelphia</keyword></searchKeys><resConst><LegConsts><useLimit>The City of Philadelphia makes no warranty or representation, express or implied, with respect to the quality, content, accuracy, completeness, currency, freedom from computer virus, or non-infringement of proprietary rights, of any of the design, information, text, graphics, images, pages, interfaces, links, software, or other materials and items contained in this dataset. All such items and materials are provided on an "as is" basis, and you are fully and solely responsible for your use of them and for any results or consequences of your use. They have been compiled from a variety of sources, including sources beyond the control of the City of Philadelphia and, and are subject to change without notice from the City of Philadelphia. Commercial use is prohibited without the prior written permission of the City of Philadelphia. In no event shall the City of Philadelphia or their agencies, officers, employees, agents, or representatives, be liable for any direct, indirect, special, punitive, incidental, exemplary or consequential damages arising your accessing or using this data, or otherwise arising from the data or from anything contained in or displayed in this data. Nothing contained in or displayed in this data constitutes or is intended to constitute legal advice by the City of Philadelphia or any of their agencies, officers, employees, agents or representatives. These terms and conditions and all disputes arising under these terms and conditions shall be governed, construed and decided in accordance with the laws of the Commonwealth of Pennsylvania. The City of Philadelphia reserves the right to revise and change these terms and conditions at anytime and without any notice.</useLimit><othConsts>Access to this dataset is granted to City of Philadelphia employees and those who are given special permission only.</othConsts></LegConsts></resConst><dataLang><languageCode value="eng"/><countryCode value="USA"/></dataLang><tpCat><TopicCatCd value="015"/></tpCat><dataExt><exDesc>publication date</exDesc><tempEle><TempExtent><exTemp/></TempExtent></tempEle><geoEle/></dataExt><envirDesc>Microsoft Windows 7 Version 6.1 (Build 7601) Service Pack 1; ESRI ArcGIS 10.0.3.3600</envirDesc><spatRpType><SpatRepTypCd value="001"/></spatRpType><dataExt><geoEle><GeoBndBox esriExtentType="search"><exTypeCode>1</exTypeCode><westBL>-75.281524</westBL><eastBL>-74.954102</eastBL><northBL>40.143679</northBL><southBL>39.865094</southBL></GeoBndBox></geoEle></dataExt></dataIdInfo><mdMaint><maintFreq><MaintFreqCd value="012"/></maintFreq><maintNote>Last metadata review date: 1/4/2005</maintNote></mdMaint><dqInfo><dqScope><scpLvl><ScopeCd value="005"/></scpLvl></dqScope><report type="DQCompOm"><measDesc>This dataset is currently undergoing Edgematching and Duplicate Parcel Removal in order to increase the accuracy of the data.</measDesc></report><report type="DQAbsExtPosAcc" dimension="horizontal"><measDesc>The positional accuracy of this dataset is dependent upon the scales of the maps which this dataset is drawn from. Smaller scale maps have a larger level of inaccuracy.</measDesc></report><dataLineage><prcStep><stepDesc>This dataset undergoes Edgematching and Duplicate Parcel Removal to make the city wide dataset more cohesive.</stepDesc><stepProc><rpIndName>Brian Albright</rpIndName><rpOrgName>M&amp;M Solutions LLC.</rpOrgName><rpPosName>GIS Technician</rpPosName><rpCntInfo><cntAddress><eMailAdd>balbright@mmsolutionsllc.com</eMailAdd></cntAddress></rpCntInfo><role><RoleCd value="009"/></role></stepProc></prcStep><prcStep><stepDesc>Department of Records tax maps were scanned and vectorized.</stepDesc><stepDateTm>1996-01-01</stepDateTm><stepProc><rpIndName>Adrian Litton</rpIndName><rpOrgName>ESRI</rpOrgName><rpPosName>Scanning Specialist</rpPosName><rpCntInfo><cntAddress><eMailAdd>alitton@esri.com</eMailAdd></cntAddress></rpCntInfo><role><RoleCd value="009"/></role></stepProc></prcStep><prcStep><stepDesc>Seemless City of Philadelphia parcel layer was converted into SDE.</stepDesc><stepProc><rpIndName>Adrian Litton</rpIndName><rpOrgName>ESRI</rpOrgName><rpPosName>Scanning Specialist</rpPosName><rpCntInfo><cntAddress><eMailAdd>alitton@esri.com</eMailAdd></cntAddress></rpCntInfo><role><RoleCd value="009"/></role></stepProc></prcStep><prcStep><stepDesc>Individual tax maps ArcInfo Coverages were "scrubbed" to clean physical and attribute errors</stepDesc><stepProc><rpIndName>Walter Svekla</rpIndName><rpOrgName>M&amp;M solutions</rpOrgName><rpPosName>Project Specialist</rpPosName><rpCntInfo><cntAddress><eMailAdd>wsvekla@mmsolutionsllc.com</eMailAdd></cntAddress></rpCntInfo><role><RoleCd value="009"/></role></stepProc></prcStep><prcStep><stepDesc>Individual tax map coverages were converted to feature classes and merged into one seemless city layer.</stepDesc><stepProc><rpIndName>Adrian Litton</rpIndName><rpOrgName>ESRI</rpOrgName><rpPosName>Scanning Specialist</rpPosName><rpCntInfo><cntAddress><eMailAdd>alitton@esri.com</eMailAdd></cntAddress></rpCntInfo><role><RoleCd value="009"/></role></stepProc></prcStep><dataSource><srcDesc>Department of Records tax maps</srcDesc><srcMedName><MedNameCd value="027"/></srcMedName><srcScale><rfDenom>0</rfDenom></srcScale><srcCitatn><resTitle>City of Philadelphia-Department of Records</resTitle><citRespParty><rpOrgName>Department of Records</rpOrgName><role><RoleCd value="006"/></role></citRespParty></srcCitatn><srcExt><exDesc>publication date</exDesc><tempEle><TempExtent><exTemp/></TempExtent></tempEle></srcExt></dataSource></dataLineage></dqInfo><mdHrLvName>dataset</mdHrLvName><refSysInfo><RefSystem><refSysID><identCode code="2272" value="2272"/><idCodeSpace>EPSG</idCodeSpace><idVersion>7.4.1</idVersion></refSysID></RefSystem></refSysInfo><spatRepInfo><VectSpatRep><geometObjs Name="Philadelphia_DOR_Parcels_Active201302"><geoObjTyp><GeoObjTypCd value="002" Sync="TRUE"></GeoObjTypCd></geoObjTyp><geoObjCnt Sync="TRUE">569696</geoObjCnt></geometObjs><topLvl><TopoLevCd value="001" Sync="TRUE"></TopoLevCd></topLvl></VectSpatRep></spatRepInfo><mdDateSt>20121206</mdDateSt><mdChar><CharSetCd value="004" Sync="TRUE"></CharSetCd></mdChar><Esri><DataProperties><itemProps><itemName Sync="TRUE">Philadelphia_DOR_Parcels_Active201302</itemName><imsContentType Sync="TRUE">002</imsContentType><nativeExtBox><westBL Sync="TRUE">2661872.197000</westBL><eastBL Sync="TRUE">2749887.250000</eastBL><southBL Sync="TRUE">206037.918000</southBL><northBL Sync="TRUE">304914.374000</northBL><exTypeCode Sync="TRUE">1</exTypeCode></nativeExtBox><itemSize Sync="TRUE">96.428</itemSize><itemLocation><linkage Sync="TRUE">file://\\artscistore.vuad.villanova.edu\users\ewagne04\Classes\2015 Fall\GEV 4700\Assignments\Exercise 2 - Data Models\Data Models\Philadelphia_DOR_Parcels_Active201302</linkage><protocol Sync="TRUE">Local Area Network</protocol></itemLocation></itemProps><coordRef><type Sync="TRUE">Projected</type><geogcsn Sync="TRUE">GCS_North_American_1983</geogcsn><csUnits Sync="TRUE">Linear Unit: Foot_US (0.304801)</csUnits><projcsn Sync="TRUE">NAD_1983_StatePlane_Pennsylvania_South_FIPS_3702_Feet</projcsn><peXml Sync="TRUE">&lt;ProjectedCoordinateSystem xsi:type='typens:ProjectedCoordinateSystem' xmlns:xsi='http://www.w3.org/2001/XMLSchema-instance' xmlns:xs='http://www.w3.org/2001/XMLSchema' xmlns:typens='http://www.esri.com/schemas/ArcGIS/10.0'&gt;&lt;WKT&gt;PROJCS[&amp;quot;NAD_1983_StatePlane_Pennsylvania_South_FIPS_3702_Feet&amp;quot;,GEOGCS[&amp;quot;GCS_North_American_1983&amp;quot;,DATUM[&amp;quot;D_North_American_1983&amp;quot;,SPHEROID[&amp;quot;GRS_1980&amp;quot;,6378137.0,298.257222101]],PRIMEM[&amp;quot;Greenwich&amp;quot;,0.0],UNIT[&amp;quot;Degree&amp;quot;,0.0174532925199433]],PROJECTION[&amp;quot;Lambert_Conformal_Conic&amp;quot;],PARAMETER[&amp;quot;False_Easting&amp;quot;,1968500.0],PARAMETER[&amp;quot;False_Northing&amp;quot;,0.0],PARAMETER[&amp;quot;Central_Meridian&amp;quot;,-77.75],PARAMETER[&amp;quot;Standard_Parallel_1&amp;quot;,39.93333333333333],PARAMETER[&amp;quot;Standard_Parallel_2&amp;quot;,40.96666666666667],PARAMETER[&amp;quot;Latitude_Of_Origin&amp;quot;,39.33333333333334],UNIT[&amp;quot;Foot_US&amp;quot;,0.3048006096012192],AUTHORITY[&amp;quot;EPSG&amp;quot;,2272]]&lt;/WKT&gt;&lt;XOrigin&gt;-119214200&lt;/XOrigin&gt;&lt;YOrigin&gt;-96198500&lt;/YOrigin&gt;&lt;XYScale&gt;37163717.489134133&lt;/XYScale&gt;&lt;ZOrigin&gt;-100000&lt;/ZOrigin&gt;&lt;ZScale&gt;10000&lt;/ZScale&gt;&lt;MOrigin&gt;-100000&lt;/MOrigin&gt;&lt;MScale&gt;10000&lt;/MScale&gt;&lt;XYTolerance&gt;0.0032808333333333335&lt;/XYTolerance&gt;&lt;ZTolerance&gt;0.001&lt;/ZTolerance&gt;&lt;MTolerance&gt;0.001&lt;/MTolerance&gt;&lt;HighPrecision&gt;true&lt;/HighPrecision&gt;&lt;WKID&gt;2272&lt;/WKID&gt;&lt;/ProjectedCoordinateSystem&gt;</peXml></coordRef><copyHistory><copy source="\\artscistore.vuad.villanova.edu\users\ewagne04\Classes\2015 Fall\GEV 4700\Assignments\Exercise 2 - Data Models\Data Models\Philadelphia_DOR_Parcels_Active201302\Philadelphia_DOR_Parcels_Active201302\Philadelphia_DOR_Parcels_Active201302" dest="\\artscistore.vuad.villanova.edu\users\ewagne04\Classes\2015 Fall\GEV 4700\Assignments\Exercise 2 - Data Models\Data Models\Philadelphia_DOR_Parcels_Active201302" date="20150909" time="08275900"></copy></copyHistory></DataProperties><SyncDate>20130205</SyncDate><SyncTime>15230200</SyncTime><ModDate>20130205</ModDate><ModTime>15230200</ModTime><CreaDate>20151215</CreaDate><CreaTime>09265200</CreaTime><SyncOnce>TRUE</SyncOnce><ArcGISFormat>1.0</ArcGISFormat></Esri></metadata>
